<?xml version="1.0" encoding="UTF-8" standalone="yes"?>
    <addon id="script.pseudotv.lite" version="1.0.0" name="PseudoTV Lite" provider-name="Lunatixz">
    <requires>
        <import addon="xbmc.python" version="2.1.0"/>
        <import addon="script.module.buggalo" version="1.1.6"/>
        <import addon="script.module.requests" version="2.4.3"/>
    </requires>
    <extension point="xbmc.python.script"
        defaultresolution="720p"
        defaultresolutionwide="720p"
        library="default.py"/>
    <extension point="xbmc.service" library="service.py" start="startup"/>
    <extension point="xbmc.addon.metadata">
        <platform>all</platform>
        <minversion></minversion>
        <summary lang="en">Channel surfing for your video library and online sources</summary>
        <description lang="en">PseudoTV Lite acts similar to normal broadcast or cable TV, complete with multiple preset and user-defined channels and an EPG.</description>
        <license>GNU GENERAL PUBLIC LICENSE. Version 3, June 2007</license>
        <website>www.pseudotvlive.com</website>
        <source>http://github.com/Lunatixz/script.pseudotv.lite</source>
    </extension>
</addon>