<?xml version="1.0" encoding="UTF-8" standalone="yes"?>
<addon id="plugin.video.playonbrowser" name=".Playon Browser" version="1.0.1" provider-name="Syton, Lunatixz">
  <requires>
    <import addon="xbmc.python" version="2.1.0"/>
    <import addon="script.module.parsedom" version="2.5.2"/> 
    <import addon="script.module.metahandler" version="2.7.0"/>
    <import addon="script.module.addon.common" version="2.0.0"/>
    <import addon="script.common.plugin.cache" version="2.5.5"/>
  </requires>
  <extension point="xbmc.python.pluginsource" library="addon.py">
    <provides>video</provides>
  </extension>
  <extension point="xbmc.addon.metadata">
    <summary lang="en">Allows you to browse m.playon.tv from your remote.</summary>
    <description lang="en">Allows you to interact with the playon web interface using the standard controls in kodi.</description>
    <disclaimer lang="en"></disclaimer>
    <language></language>
    <platform>all</platform>
    <license></license>
    <forum></forum>
    <website></website>
    <email></email>
    <source></source>
  </extension>
</addon>